Код,Наименование,ЭД-документы
01011,Лицензия на экспорт и (или) импорт товаров,Текстовые документы
01017,"Разрешение на экспорт и (или) импорт товаров, в отношении которых введено автоматическое лицензирование (наблюдение)",Текстовые документы
01021,"Заключение (разрешительный документ) на ввоз и (или) вывоз гражданского и служебного оружия, его основных (составных) частей и патронов к нему",Текстовые документы
01031,"Разрешение (сертификат, удостоверение), предусмотренное Конвенцией о международной торговле видами дикой фауны и флоры, находящимися под угрозой исчезновения, от 3 марта 1973 года",Текстовые документы
01041,"Заключение (разрешительный документ) на ввоз радиоэлектронных средств и высокочастотных устройств гражданского назначения, в том числе встроенных либо входящих в состав других товаров",Текстовые документы
01061,Заключение (разрешительный документ) на ввоз или вывоз средств защиты растений (пестицидов),Текстовые документы
01065,"Заключение (разрешительный документ) на ввоз средств защиты растений и других стойких органических загрязнителей, подлежащих использованию в исследованиях/лабораторного масштаба и являющихся стандартными образцами",Текстовые документы
01071,"Заключение уполномоченного органа государства - членов о Евразийского экономического союза на ввоз (вывоз) ядовитых веществ, не являющихся прекурсорами наркотических средств и психотропных веществ и не являющихся стандартными образцами",Текстовые документы
01072,"Заключение уполномоченного органа государства - членов о Евразийского экономического союза на транзит ядовитых веществ, не являющихся прекурсорами наркотических средств и психотропных веществ через таможенную территорию Евразийского экономического союза",Текстовые документы
01081,Заключение (разрешительный документ) на ввоз лекарственных средств,Текстовые документы
01091,Заключение (разрешительный документ) на ввоз и (или) вывоз шифровальных (криптографических) средств,Текстовые документы
01095,"Заключение (разрешительный документ) на ввоз и (или) вывоз специальных технических средств, предназначенных для негласного получения информации",Текстовые документы
01101,"Заключение (разрешительный документ) на вывоз культурных ценностей, документов национальных архивных фондов и оригиналов архивных документов",Свидетельство на право вывоза культурных ценностей
01111,"Заключение (разрешительный документ) на вывоз коллекционных материалов по минералогии, палеонтологии, костей ископаемых животных",Текстовые документы
01121,"Заключение (разрешительный документ) на вывоз диких живых животных, отдельных дикорастущих растений и дикорастущего лекарственного сырья",Текстовые документы
01125,"Заключение (разрешительный документ) на вывоз редких и находящихся под угрозой исчезновения видов диких живых животных и дикорастущих растений, включенных в красные книги государств - членов Евразийского экономического союза",Текстовые документы
01126,"Документы, подтверждающие соблюдение специальных экономических мер, введенных Российской Федерацией",Текстовые документы
01131,"Заключение (разрешительный документ) на ввоз и (или) вывоз органов и тканей человека, крови и ее компонентов, образцов биологических материалов человека",Текстовые документы
01133,Разрешение на реэкспорт товаров,Текстовые документы
01143,"Акт государственного контроля на ввоз и (или) вывоз: драгоценных камней; драгоценных металлов и сырьевых товаров, содержащих драгоценные металлы",Текстовые документы
01151,"Лицензия, перечень (приложение) к лицензии на ввоз (вывоз) товаров, подлежащих экспортному контролю, выданные уполномоченным государственным органом государств - членов Евразийского экономического союза",Текстовые документы
01152,"Разрешение на транзит товаров, подлежащих экспортному контролю, выданное уполномоченным государственным органом государств - членов Евразийского экономического союза в области экспортного контроля",Текстовые документы
01153,"Разрешение (подтверждение) на ввоз (вывоз) товаров, подлежащих экспортному контролю, выданное уполномоченным государственным органом государств - членов Евразийского экономического союза в области экспортного контроля","Разрешение, выдаваемое комиссией по экспортному контролю; Текстовые документы"
01154,"Заключение (идентификационное), выдаваемое о заключении уполномоченного органа государств в области экспортного контроля государств - членов Евразийского экономического союза, о непринадлежности товаров к товарам, включенным в единые списки контролируемых товаров и технологий",Текстовые документы
01161,"Лицензия, перечень (приложение) к лицензии на ввоз (вывоз) продукции военного назначения, выданные уполномоченным государственным органом государств - членов Евразийского экономического союза",Текстовые документы
01162,"Разрешение на транзит продукции военного назначения, выданное уполномоченным государственным органом государств - членов Евразийского экономического союза",Текстовые документы
01163,"Заключение (идентификационное) уполномоченного государственного органа государств - членов Евразийского экономического союза о непринадлежности товаров к продукции военного назначения",Текстовые документы
01164,"Выписки из перечней продукции военного назначения, предназначенной для ввоза в Российскую Федерацию (вывоза из Российской Федерации), оформленные в рамках договоров о военно-техническом сотрудничестве Министерства обороны Российской Федерации с иностранными государствами",Текстовые документы
01171,Военный пропуск,Текстовые документы
01181,"Перечень продукции, ввозимой (вывозимой) в рамках Межправительственных Соглашений о производственной и научно-технической кооперации предприятий оборонных отраслей промышленности",Текстовые документы
01201,Ветеринарный сертификат,Ветеринарный сертификат
01202,"Разрешение на ввоз подконтрольных товаров, исходя из эпизоотического состояния стран-экспортеров, выданное должностным лицом уполномоченного органа государств - члена Евразийского экономического союза в области ветеринарии",Текстовые документы
01203,"Разрешение на вывоз подконтрольных товаров, исходя из эпизоотического состояния стран-экспортеров, выданное должностным лицом уполномоченного органа государств - члена Евразийского экономического союза в области ветеринарии",Текстовые документы
01204,"Разрешение на транзит подконтрольных товаров, исходя из эпизоотического состояния стран-экспортеров, выданное должностным лицом уполномоченного органа государств - члена Евразийского экономического союза в области ветеринарии",Текстовые документы
01205,"Санитарно-эпидемиологическое заключение уполномоченного органа государств - членов Таможенного союза",Санитарно-эпидемиологическое заключение
01206,"Свидетельство о государственной регистрации, выданное уполномоченным государственным органом государств - члена Евразийского экономического союза в области санитарно-эпидемиологического благополучия населения",Свидетельство о государственной регистрации
01207,Фитосанитарный сертификат,Фитосанитарный сертификат
01209,"Разрешение на ввоз карантинных объектов (карантинных вредных организмов) в научно-исследовательских целях, выданное уполномоченным государственным органом государств - членов Таможенного союза",Текстовые документы
01231,"Документы, подтверждающие соблюдение запретов и ограничений (временных мер), введенных в Российской Федерации в одностороннем порядке",Текстовые документы
01241,"Сертификат (сведения о сертификате) международной схемы сертификации необработанных природных алмазов (сертификат Кимберлийского процесса)",Текстовые документы
01242,"Документы, подтверждающие сведения о производителе товаров для целей контроля за применением специальных защитных, антидемпинговых и компенсационных мер",Текстовые документы
01243,Экспортный сертификат на сельскохозяйственную продукцию,Текстовые документы
01251,Лицензия на виды деятельности в отношении отдельных категорий товаров,Текстовые документы
01261,"Документ (квитанция) на получение акцизных марок (учетно-контрольных знаков, знаков)",Текстовые документы
01271,"Документ, в соответствии с которым подакцизные товары, подлежащие маркировке акцизными марками (учетно-контрольными знаками, знаками), не маркируются",Текстовые документы
01281,"Подтверждение о фиксации продукции в единой государственной автоматизированной информационной системе учета объема производства и оборота этилового спирта, алкогольной и спиртосодержащей продукции",Текстовые документы
01311,Заключение (разрешительный документ) на вывоз минерального сырья,Текстовые документы
01321,Заключение (разрешительный документ) на ввоз и (или) вывоз опасных отходов,Текстовые документы
01332,"Разрешение компетентного органа государства-экспортера на вывоз конкретной партии наркотических средств, психотропных веществ и их прекурсоров либо официальное уведомление этого органа о том, что указанное разрешение не требуется",Текстовые документы
01341,"Заключение (разрешительный документ) на ввоз и (или) вывоз озоноразрушающих веществ и продукции, содержащей озоноразрушающие вещества",Текстовые документы
01351,"Подтверждение (решение) уполномоченного органа (организации) государств - члена Евразийского экономического союза при вывозе средств индивидуальной защиты, защитных и дезинфицирующих средств медицинского назначения",Текстовые документы
01361,"Сертификаты-разрешения на ядерные материалы и радиоактивные вещества, на конструкцию и (или) перевозку транспортных упаковочных комплектов для перевозки таких материалов и веществ, выдаваемые уполномоченным органом (организацией)",Текстовые документы
01401,Сертификат соответствия требованиям технического регламента Евразийского экономического союза (Таможенного союза),Сертификат соответствия
01402,Декларация о соответствии требованиям технического регламента Евразийского экономического союза (Таможенного союза),Декларация соответствия
01403,"Декларация о соответствии, оформленная по единой форме, на продукцию (товары), включенную в Единый перечень продукции, подлежащей обязательному подтверждению соответствия с выдачей сертификатов соответствия и деклараций о соответствии по единой форме",Сертификат соответствия
01404,"Декларация о соответствии, оформленная по единой форме, на продукцию (товары), включенную в Единый перечень продукции, подлежащей обязательному подтверждению соответствия с выдачей сертификатов соответствия и деклараций о соответствии по единой форме",Декларация соответствия
01405,Одобрение типа транспортного средства,Одобрение транспортного средства
01406,Одобрение типа шасси,Текстовые документы
01407,Свидетельство о безопасности конструкции транспортного средства,Текстовые документы
01408,"Документ об оценке соответствия, предусмотренный законодательством государства - члена Евразийского экономического союза, на территории которого продукция (товар) помещается под таможенную процедуру выпуска для внутреннего потребления","Декларация соответствия; Сертификат соответствия"
01409,Паспорт нефти (паспорт качества нефти),Текстовые документы
01410,"Договор с органом по оценке соответствия (органом по сертификации продукции или испытательной лабораторией (центром)), предусматривающий соответствующим техническим регламентом Евразийского экономического союза (Таможенного союза), или письмо такого органа по оценке соответствия (органа по сертификации продукции или испытательной лаборатории (центра)), подтверждающее необходимое для проведения исследований (испытаний) или иных форм оценки соответствия объемов (проб) продукции",Текстовые документы
01411,"Свидетельство о государственной регистрации продукции, подтверждающее соответствие продукции требованиям технических регламентов Евразийского экономического союза (Таможенного союза) либо требованиям технического регламента Таможенного союза",Свидетельство о государственной регистрации
01412,Свидетельство о классификации наливного судна,Текстовые документы
01413,Свидетельство о регистрации минерального удобрения,Текстовые документы
01414,Свидетельство об уведомительной государственной регистрации химической продукции,Текстовые документы
01415,Документы о регистрации минерального удобрения,Текстовые документы
01416,"Уведомление о подтверждении использования в заявленных нуждах и в целях ввозимой (ввезенной) продукции, подлежащей обязательной оценке (подтверждению) соответствия на таможенной территории Евразийского экономического союза, в отношении которой при помещении под таможенные процедуры не требуется подтверждение соблюдения мер технического регулирования","Уведомление (РК 130)"
01417,Говор о проведении межлабораторных сравнительных испытаний (межлабораторных сличений), поверки или калибровки средств измерений. Сличения эталонов,Текстовые документы
01418,"Мотивированное обращение о потреблении (использовании) ввозимых (ввезенных) товаров исключительно расположенными на таможенной территории Евразийского экономического союза дипломатическими представительствами, консульскими учреждениями, представительствами государств при международных организациях, международными организациями или их представительствами, пользующимися привилегиями и (или) иммунитетами в соответствии с международными договорами государств - членов Евразийского экономического союза с третьей стороной и международными договорами между государствами - членами Евразийского экономического союза, иными организациями или их представительствами",Текстовые документы
01419,"Подтверждение государственного органа государства - члена Евразийского экономического союза, уполномоченного в сфере чрезвычайных ситуаций, о том, что ввозимые товары предназначены для ликвидации последствий стихийных бедствий, чрезвычайных ситуаций природного и техногенного характера",Текстовые документы
01420,Решение о подтверждении принадлежности к гуманитарной помощи (содействию) средств и товаров,Текстовые документы
01421,Заявление о безопасности товаров электронной торговли,Текстовые документы
01999,Иные документы подтверждающие соблюдение запретов и ограничений,"Акт фитосанитарного контроля; Ветеринарный сертификат; Декларация соответствия; Карантинный сертификат; Санитарно-эпидемиологическое заключение; Сертификат качественного состава на содержание драгметаллов; Текстовые документы; Уведомление (РК 130); Фитосанитарный сертификат"
02011,Коносамент,Коносамент
02012,Транспортная накладная при перевозке товаров водным транспортом,Текстовые документы
02013,Железнодорожная накладная,Железнодорожная накладная
02014,Иные документы предусмотренные правилами перевозки по железной дороге,"Передаточная ведомость; Текстовые документы"
02015,Транспортная накладная предусмотренная Конвенцией о договоре международной дорожной перевозки грузов 1956 года,"Автодорожная накладная (СМR); Текстовые документы"
02016,Иная транспортная накладная используемая при перевозке товаров автодорожным транспортом,"Автодорожная накладная (СМR); Текстовые документы; Транспортная накладная"
02017,Авианакладная,Авианакладная
02018,Транспортные документы используемые при перемещении товаров трубопроводным транспортом или по линиям электропередачи,Текстовые документы
02019,Почтовая накладная,Текстовые документы
02020,Общая накладная при экспресс-доставке,"Авианакладная; Индивидуальная накладная при экспресс-перевозке; Текстовые документы"
02021,Индивидуальная накладная при экспресс-доставке,"Авианакладная; Индивидуальная накладная при экспресс-перевозке"
02022,Багажная квитанция,Текстовые документы
02023,Иные графические материалы,Файлы
02024,Книжка МДП,Книжка МДП
02025,Карнет АТА,Текстовые документы
02030,Транспортный документ (сопроводительная накладная либо иной документ) на партию ядерных материалов и радиоактивных веществ,Текстовые документы
02999,Иные транспортные (перевозочные) документы,"Выписка из приказа о приеме на работу / о переводе на другую работу; Генеральная авиа декларация; Грузовая манифест; Декларация в груз при приходе/отходе судна; Заявление на предоставление отсрочки (рассрочки) уплаты таможенных платежей; Заявление на предоставление отсрочки (рассрочки) уплаты таможенных платежей; Квалификационный аттестат; Общая (генеральная) декларация; Обязательство о представлении документов; Отгрузочная спецификация; Отгрузочная спецификация на товары 44-й группы ТНВЭД ТС; Отчет о выдаче товаров с СВХ по форме ДО2/ДО2нв; Паспорт транспортного средства; Паспорт шасси транспортного средства; Передаточная ведомость; Почтовый манифест; Пояснение лица, имеющего отношение к перемещению товаров и транспортных средств через таможенную границу РФ; Пояснения по условиям продажи; Протокол выполнения измерений круглых лесоматериалов по методике ФР.1.27.2011.10631; Разрешение на добычу (вылов) водных биологических ресурсов; Свидетельство о включении в Реестр таможенных представителей; Свидетельство о включении в реестр УЭО/таможенных перевозчиков/владельцев СВХ/владельцев МБТ/владельцев ТС; Свидетельство о постановке на учет в налоговом органе юридического лица; Свидетельство о праве плавать под Государственным флагом РФ; Свидетельство о праве собственности на судно; Сертификат качества (зерно и продукты его переработки); Текстовые документы; Товарно-транспортная накладная магазина на борту ВС; Текстовые документы"
03011,"Договор (контракт), заключенный при совершении сделки с товарами",Контракт
03012,"Документы, вносящие изменения и (или) дополнения к документу, сведения о котором указаны под кодом 03011","Изменение к контракту; Инвойс; Контракт; Текстовые документы"
03013,"Документ, подтверждающий совершение односторонней сделки с товарами",Текстовые документы
03014,"Документы, подтверждающие право владения, пользования и (или) распоряжения товарами при отсутствии какой-либо сделки",Текстовые документы
03031,"Документ, подтверждающий соблюдение требований в области валютного контроля: уникальный номер контракта (номер, присваиваемый уполномоченным банком при постановке контракта на учет) либо номер паспорта сделки","Валютный контракт, принятый на учет уполномоченным банком; Паспорт валютной сделки; Паспорт сделки, оформленный до 01.10.2012 (инстр. ЦБ № 117-И); Текстовые документы"
03999,Иные документы подтверждающие право владения пользования и (или) распоряжения товарами,"Выписка из приказа о приеме на работу / о переводе на другую работу; Заявление на предоставление отсрочки (рассрочки) уплаты таможенных платежей; Заявление на предоставление отсрочки (рассрочки) уплаты таможенных платежей; Квалификационный аттестат; Обязательство о представлении документов; Отгрузочная спецификация; Отгрузочная спецификация на товары 44-й группы ТНВЭД ТС; Отчет о выдаче товаров с СВХ по форме ДО2/ДО2нв; Паспорт бартерной сделки; Паспорт сделки, оформленный до 01.10.2012 (инстр. ЦБ № 117-И); Паспорт шасси транспортного средства; Пояснение лица, имеющего отношение к перемещению товаров и транспортных средств через таможенную границу РФ; Пояснения по условиям продажи; Протокол выполнения измерений круглых лесоматериалов по методике ФР.1.27.2011.10631; Разрешение на добычу (вылов) водных биологических ресурсов; Свидетельство о включении в Реестр таможенных представителей; Свидетельство о включении в реестр УЭО/таможенных перевозчиков/владельцев СВХ/владельцев МБТ/владельцев ТС; Свидетельство о постановке на учет в налоговом органе юридического лица; Свидетельство о праве плавать под Государственным флагом РФ; Свидетельство о праве собственности на судно; Сертификат качества (зерно и продукты его переработки); Текстовые документы"
04011,Учредительные документы,"Свидетельство о гос. регистрации физического лица; Свидетельство о гос. регистрации юридического лица; Текстовые документы"
04012,"Банковские или иные платежные документы о стоимости проектирования, разработки, инженерной, конструкторской работы, дизайна, художественного оформления, чертежей и эскизов","Платежное поручение; Текстовые документы"
04014,"Банковские платежные документы, бухгалтерские и другие документы о стоимости упаковочных материалов и/или работ по упаковке","Платежное поручение; Текстовые документы"
04021,Счет-фактура (инвойс) к договору,"Инвойс; Счет-фактура"
04022,Иные расчетные или коммерческие документы (в том числе кассовый или товарный чек на приобретение товаров в розничной сети),"Выписка со счета; Заявление о возврате (зачете) денежных средств; Инкассовое поручение; Инкассовое поручение на перечисление денежных средств со счетов брокера; Платежное поручение; Платежное требование; Сведения из товарного и кассового чеков; Справка о наличии счетов в банке у организации; Счет-проформа; Текстовые документы; Чек подтверждения оплаты"
04023,"Банковские документы (если счет-фактура оплачен в зависимости от условий внешнеторгового контракта), а также другие платежные документы, отражающие стоимость товара","Платежное поручение; Текстовые документы"
04024,Договор о стоимости тары упаковки упаковочных материалов и работ по упаковке,Текстовые документы
04025,Счет-проформа к договору,Счет-проформа
04026,"Договор об оказании услуг по складированию (хранению) товаров, погрузке (разгрузке) товаров и иным грузовым операциям",Текстовые документы
04031,Счет-фактура (инвойс) за перевозку (транспортировку) погрузку разгрузку или перегрузку товаров,"Инвойс; Счет-фактура; Счет-фактура на оплату услуг по перевозке, погрузке перегрузке/разгрузке товаров и по"
04032,"Банковские или иные платежные документы по оплате транспортных расходов, отражающие стоимость перевозки (транспортировки), погрузку, разгрузку или перегрузку товаров","Платежное поручение; Текстовые документы"
04033,Договор по перевозке погрузке разгрузке или перегрузке товаров,Текстовые документы
04041,Счета-фактуры (инвойсы) за оказание посреднических услуг,"Инвойс; Счет-фактура"
04042,Банковские или иные платежные документы за оказание посреднических услуг,"Платежное поручение; Текстовые документы"
04043,Договор об оказании посреднических услуг,Текстовые документы
04051,"Документы о стоимости товаров и услуг, представленных покупателем бесплатно или по сниженным ценам для использования в связи с производством и продажей",Текстовые документы
04061,Счет-фактура (инвойс) содержащие сведения о платежах за использование объектов интеллектуальной собственности,"Инвойс; Счет-фактура"
04062,"Банковские платежные документы, бухгалтерские и другие документы, содержащие сведения о платежах за использование объектов интеллектуальной собственности","Платежное поручение; Текстовые документы"
04071,"Документы (в том числе бухгалтерские) и сведения, содержащие данные о части дохода (выручки), которая прямо или косвенно причитается продавцу в результате последующей продажи, распоряжения или использования товаров",Текстовые документы
04081,Счет-фактура (инвойс) содержащие сведения о стоимости упаковочных материалов и/или работ по упаковке,"Инвойс; Счет-фактура"
04082,Банковские или иные платежные документы о стоимости упаковочных материалов и/или работ по упаковке,"Платежное поручение; Текстовые документы"
04083,Договор о стоимости тары упаковки упаковочных материалов и работ по упаковке,Текстовые документы
04091,"Бухгалтерская документация производителя оцениваемых товаров, содержащая сведения о расходах по изготовлению или приобретению материалов, о расходах на производство, а также иные операции, связанные с производством оцениваемых (ввозимых) товаров, коммерческие счета производителя оцениваемых товаров, составленные в соответствии с общепринятыми принципами бухгалтерского учета","Платежное поручение; Текстовые документы"
04101,Счет-фактура (инвойс) на стоимость проектирования разработки инженерной конструкторской работы дизайна художественного оформления чертежей и эскизов,"Инвойс; Счет-фактура"
04102,"Банковские или иные платежные документы о стоимости проектирования, разработки, инженерной, конструкторской работы, дизайна, художественного оформления чертежей и эскизов","Платежное поручение; Текстовые документы"
04111,Счет-фактура (инвойс) по оказанию страховых услуг,"Инвойс; Счет-фактура"
04112,Банковские или иные платежные документы о стоимости страховых услуг,"Страховой полис гражданского автострахования; Текстовые документы"
04113,Страховой полис,Страховой полис гражданского автострахования
04114,Бухгалтерская документация производителя оцениваемых товаров,Текстовые документы
04115,Договор страхования,Текстовые документы
04121,Котировки мировых бирж,Текстовые документы
05026,"Подтверждение органа исполнительной власти, уполномоченного правительством государства - члена Евразийского экономического союза, того, что ввозимый товар относится к высококачественным товарам в соответствии с примечанием 12 к ТН ВЭД ЕАЭС",Текстовые документы
05027,"Подтверждение уполномоченного органа исполнительной власти, осуществляющего функции по выработке и реализации государственной политики и нормативно-правовому регулированию в сфере обороны государств - члена Евразийского экономического союза, целевого назначения ввозимого товара в соответствии с примечанием 14 к ТН ВЭД ЕАИС",Текстовые документы
05028,"Подтверждение уполномоченного органа исполнительной власти, осуществляющего функции по обеспечению реализации государственной политики и нормативно-правовому регулированию в сфере космической деятельности, государств - члена Евразийского экономического союза, целевого назначения ввозимого товара в соответствии с примечанием 16 к ТН ВЭД ЕАИС",Текстовые документы
05031,"Уведомление о планируемых поставках компонентов товара, перемещаемого через таможенную границу Евразийского экономического союза в несобранном или разобранном виде, в том числе в некомплектном или незавершенном виде",Текстовые документы
05996,"Соглашение, заключенное Министерством экономического развития РФ и российским юридическим лицом, о ввозе товаров, предназначенных для промышленной сборки моторных транспортных средств товарных позиций 8701-8705 ТН ВЭД ЕАЭС, их узлов и агрегатов",Текстовые документы
05997,"Дополнительное соглашение к соглашению, заключенному Министерством экономического развития РФ и российским юридическим лицом, о ввозе товаров, предназначенных для промышленной сборки моторных транспортных средств товарных позиций 8701-8705 ТН ВЭД ЕАЭС, их узлов и агрегатов",Текстовые документы
05998,"Протокол о внесении изменений в соглашение, заключенное Министерством экономического развития РФ и российским юридическим лицом, о ввозе товаров, предназначенных для промышленной сборки моторных транспортных средств товарных позиций 8701-8705 ТН ВЭД ЕАЭС, их узлов и агрегатов",Текстовые документы
05999,"Иные документы, сведения, необходимые для целей классификации товара","Отгрузочная спецификация; Отгрузочная спецификация на товары 44-й группы ТНВЭД ТС; Паспорт транспортного средства; Паспорт шасси транспортного средства; Протокол выполнения измерений круглых лесоматериалов по методике ФР.1.27.2011.10631; Разрешение на добычу (вылов) водных биологических ресурсов; Сертификат качества (зерно и продукты его переработки); Текстовые документы"
06011,Сертификат о происхождении товара форма СТ-1,Сертификат о происхождении форма СТ1
06013,Сертификат о происхождении товара форма "А",Сертификат о происхождении форма А
06014,Непреференциальный сертификат о происхождении товара,Текстовые документы
06015,Предварительное решение о стране происхождения товара (выдано до 18.02.2018 г.),"Предварительное решение с стране происхождения товара (выдано до 18.02.2018 г.); Предварительное решение с стране происхождения товара (РК 7 от 16.01.2018)"
06016,Декларация о происхождении товара,Текстовые документы
06017,Сертификат о происхождении товара форма СТ-2,Сертификат о происхождении форма СТ2
06018,Сертификат о происхождении товара формы EAV,Сертификат о происхождении форма EAV
06019,Сертификат о происхождении товара форма СТ-3,Сертификат о происхождении форма СТ3
06020,Сертификат о происхождении товара форма EAS,
06999,Иные документы связанные с происхождением товара,"Сертификат качества (зерно и продукты его переработки); Текстовые документы"
07011,"Документы, которыми установлены льготы по уплате таможенных пошлин",Текстовые документы
07012,Документы подтверждающие соблюдение целей и условий представления льгот по уплате таможенных платежей,Текстовые документы
07013,Соглашение о применении централизованного порядка уплаты таможенных пошлин налогов,Текстовые документы
07014,Документы которыми установлены основания для изменения сроков уплаты таможенных пошлин налогов,Текстовые документы
07015,Документы подтверждающие наличие оснований для изменения сроков уплаты таможенных пошлин налогов,Текстовые документы
07016,"Документы, которыми установлена возможность нахождения и (или) использования товаров на таможенной территории ЕАЭС или за ее пределами без уплаты таможенных пошлин, налогов, специальных, антидемпинговых, компенсационных пошлин, за исключением Таможенного кодекса ЕАЭС",Текстовые документы
07017,"Документы, подтверждающие возможность нахождения и (или) использования товаров на таможенной территории ЕАЭС или за ее пределами без уплаты таможенных пошлин, налогов, специальных, антидемпинговых, компенсационных пошлин",Текстовые документы
07018,Расчет таможенных пошлин налогов специальных антидемпинговых компенсационных пошлин,Текстовые документы
07019,Расчет размера обеспечения исполнения обязанности по уплате таможенных пошлин налогов специальных антидемпинговых компенсационных пошлин,Текстовые документы
07021,Решение таможенного органа о предоставлении отсрочки или рассрочки уплаты ввозных таможенных пошлин,Текстовые документы
07022,Решение об изменении срока уплаты налогов взимаемых при ввозе товаров,Текстовые документы
07023,Разрешение на работу в государстве - члене Евразийского экономического союза,Текстовые документы
07024,Разрешение на временное проживание,Текстовые документы
07025,Вид на жительство,Текстовые документы
07026,Решение об изменении срока действия временного ввоза,Текстовые документ ы
07027,Решение об изменении срока действия временного вывоза,Текстовые документы
07028,Договор таможенного представителя,Текстовые документы
07029,Договор хранения,Текстовые документы
07030,Договор страхования,Текстовые документы
07031,"Документ, подтверждающий внесение денежных средств (денег) в качестве обеспечения исполнения обязанности по уплате таможенных пошлин, налогов, специальных, антидемпинговых, компенсационных пошлин",Текстовые документы
07032,Банковская гарантия,Текстовые документы
07033,Договор поручительства,Текстовые документы
07034,Договор залога имущества,Текстовые документы
07035,"Документ, подтверждающий обеспечение исполнения обязанности по уплате таможенных пошлин, налогов, специальных, антидемпинговых, компенсационных пошлин иным способом, установленным законодательством государств - членов Евразийского экономического союза",Текстовые документы
07036,"Документ, подтверждающий соблюдение условий, при которых обеспечение исполнения обязанности по уплате таможенных пошлин, налогов, специальных, антидемпинговых, компенсационных пошлин не предоставляется",Текстовые документы
07037,"Регистрационный номер инвестиционного проекта по реестру инвестиционных проектов, соответствующих приоритетным видам деятельности (секторам экономики) государств - членов ЕАЭС в соответствии с законодательством этих государств",Текстовые документы
07040,Сертификат обеспечения исполнения обязанности по уплате таможенных пошлин налогов,Текстовые документы
07042,Таможенная расписка,Текстовые документы
07051,Соглашение о защите и поощрении капиталовложений,"Свидетельство о регистрации лица, совершающего операции с прямогонным бензином, либо свидетельство о регистрации лица, совершающего операции с бензолом, параксилолом или ортоксилолом, либо свидетельство о регистрации лица, совершающего операции по переработке средних дистиллятов, либо свидетельство о регистрации лица, совершающего операции по переработке этана, либо свидетельство о регистрации лица, совершающего операции по переработке сжиженных углеводородных газов"
07052,Свидетельство о регистрации лица совершающего операции с прямогонным бензином либо свидетельство о регистрации лица совершающего операции с бензолом параксилолом или ортоксилолом либо свидетельство о регистрации лица совершающего операции по переработке средних дистиллятов либо свидетельство о регистрации лица совершающего операции по переработке этана либо свидетельство о регистрации лица совершающего операции по переработке сжиженных углеводородных газов,Текстовые документы
08011,Документ об условиях перевозки товаров на таможенной территории ЕАЭС,"Разрешение на переработку товаров на таможенной территории; Текстовые документы"
08012,Документ об условиях переработки товаров вне таможенной территории ЕАЭС,"Разрешение на переработку товаров вне таможенной территории; Текстовые документы"
08013,Документ об условиях переработки товаров для внутреннего потребления,Текстовые документы
08014,"Заявление о вывозе товаров, помещенных под таможенную процедуру свободной таможенной зоны в Магаданской области Российской Федерации, предназначенных для собственных производственных и технологических нужд, на остальную часть таможенной территории Российской области",Текстовые документы
08015,"Заключение уполномоченного органа (организации) лицензирующей экспертной организации государства - члена ЕАЭС о нормах выхода продукта переработки, образовавшихся в результате совершения операций по переработке на таможенной территории ЕАЭС",Текстовые документы
08016,"Документ, устанавливающий стандартные нормы выхода продуктов переработки, образовавшихся в результате совершения операций по переработке на таможенной территории ЕАЭС",Текстовые документы
08017,Решение таможенного органа о помещении товаров под таможенную процедуру переработки на таможенной территории,Текстовые документы
08018,Решение таможенного органа о помещении товаров под таможенную процедуру переработки вне таможенной территории,Текстовые документы
08019,Решение таможенного органа о помещении товаров под таможенную процедуру переработки для внутреннего потребления,Текстовые документы
08020,Решение таможенного органа о продлении срока переработки товаров,Текстовые документы
08021,"Заключение уполномоченного государственного органа государств - членов Евразийского экономического союза о возможности, способе и месте уничтожения товаров",Текстовые документы
08031,"Заключение о признании товара, изготовленного (полученного) с использованием иностранных товаров, помещенных под таможенную процедуру свободной таможенной зоны или таможенную процедуру свободного таможенного склада, не являющихся товаром Евразийского экономического союза",Текстовые документы
08032,"Заключение о признании товара, изготовленного (полученного) с использованием иностранных товаров, помещенных под таможенную процедуру свободной таможенной зоны или таможенную процедуру свободного таможенного склада, не являющихся товаром Евразийского экономического союза",Текстовые документы
08033,Документ свидетельствующий о включении лица в Реестр владельцев свободных складов,Текстовые документы
08034,"Документ, удостоверяющий регистрацию лица в качестве резидента (участника, объекта) свободной (специальной, особой) экономической зоны",Свидетельство удостоверяющее регистрацию лица в качестве резидента особой экономической зоны
08035,"Соглашение (договор) об осуществлении (ведении) деятельности на территории свободной (специальной, особой) экономической зоны (договор об условиях деятельности в свободной (специальной, особой) экономической зоне, инвестиционная декларация, предпринимательская программа)",Текстовые документы
08036,"Договор об оказании услуг по складированию (хранению) товаров, погрузке (разгрузке) товаров и иным грузовым операциям, связанным с хранением, а также по обеспечению сохранности товаров и подготовке товаров к перевозке (транспортировке), включая дробление партии, формирование отправок, сортировку, упаковку, переупаковку, маркировку, этикетировку между лицом, не являющимся резидентом (участником, субъектом) портовой свободной (специальной, особой) экономической зоны или логистической свободной (специальной, особой) экономической зоны, и резидентом (участником, субъектом) портовой свободной (специальной, особой) экономической зоны или логистической свободной (специальной, особой) экономической зоны",Текстовые документы
08037,"Документы, подтверждающие статус товаров ЕАЭС, перевозимых с территории свободной (специальной, особой) экономической зоны на остальную часть таможенной территории ЕАЭС через территории государств, не являющихся членами ЕАЭС, и (или) морем, предусмотренные Решением Коллегии ЕЭК от 7 ноября 2017 г. № 139",Текстовые документы
08999,Иные документы подтверждающие условия помещения товаров под заявленные таможенные процедуры,"Выписка из приказа о приеме на работу / о переводе на другую работу; Заявление на предоставление отсрочки (рассрочки) уплаты таможенных платежей; Заявление на предоставление отсрочки (рассрочки) уплаты таможенных платежей; Квалификационный аттестат; Обязательство о представлении документов; Отгрузочная спецификация; Отгрузочная спецификация на товары 44-й группы ТНВЭД ТС; Отчет о выдаче товаров с СВХ по форме ДО2/ДО2нв; Паспорт транспортного средства; Паспорт шасси транспортного средства; Пояснение лица, имеющего отношение к перемещению товаров и транспортных средств через таможенную границу РФ; Пояснения по условиям продажи; Протокол выполнения измерений круглых лесоматериалов по методике ФР.1.27.2011.10631; Разрешение на добычу (вылов) водных биологических ресурсов; Свидетельство о включении в Реестр таможенных представителей; Свидетельство о включении в реестр УЭО/таможенных перевозчиков/владельцев СВХ/владельцев МБТ/владельцев ТС; Свидетельство о постановке на учет в налоговом органе юридического лица; Свидетельство о постановке на учет в налоговом органе юридического лица; Сертификат качества (зерно и продукты его переработки); Текстовые документы"
09001,"Международный весовой сертификат транспортного средства, выдаваемый в соответствии с Международной конвенцией о согласовании условий проведения контроля грузов на границах, принятой в г. Женеве 21 октября 1982 года, или международный сертификат взвешивания грузовых транспортных средств, выдаваемый в соответствии с Соглашением о введении международного сертификата взвешивания грузовых транспортных средств на территориях государств - членов Содружества Независимых Государств, принятым в г. Чолпон-Ате 16 апреля 2004 года",Текстовые документы
09002,"Разрешение на проезд автомобильного транспортного средства иностранного государств по территории государства - члена Таможенного союза, выданное уполномоченным органом государств - члена Евразийского экономического союза, по территории которого будет осуществляться проезд",Текстовые документы
09003,"Разрешение на проезд транспортного средства, национальные весовые и (или) габаритные размеры которого превышают допустимые параметры, установленные для проезда по автомобильным дорогам общего пользования (специальное разрешение), выданное уполномоченным органом государств - члена Евразийского экономического союза, по территории которого будет осуществляться проезд",Текстовые документы
09004,"Многостороннее разрешение на проезд автомобильного транспортного средства иностранного государств по территории государства - члена Евразийского экономического союза, выданное в рамках системы разрешений Европейской конференции министров транспорта",Текстовые документы
09005,"Разрешение (специальное разрешение) на проезд автомобильного транспортного средства по территориям государств - членов Евразийского экономического союза в порядке, установленном Соглашением о международных автомобильных перевозках пассажиров и багажа (Бишкек, 9 октября 1997 года), Соглашением государств - членов Евразийского экономического союза и не являющегося государством, в котором зарегистрировано это транспортное средство, выданное уполномоченным органом государств - члена Евразийского экономического союза, по территории которого будет осуществляться проезд",Текстовые документы
09006,"Разрешение (специальное разрешение) на проезд автомобильного транспортного средства иностранного государств с опасным грузом по территории государства - члена Евразийского экономического союза, выданное уполномоченным органом государств - члена Евразийского экономического союза, по территории которого будет осуществляться проезд",Текстовые документы
09007,Лицензия таможенного перевозчика,Текстовые документы
09008,Лицензия владельца склада временного хранения,Текстовые документы
09009,Лицензия владельца таможенного склада,Текстовые документы
09010,Решение о приостановлении действия лицензии,Текстовые документы
09011,"Документ, свидетельствующий о включении лица в Реестр уполномоченных экономических операторов",Свидетельство о включении в реестр УЭО/таможенных перевозчиков/владельцев СВХ/владельцев МБТ/владельцев ТС; Текстовые документы
09012,Договор об оказании услуг по таможенному оформлению,Текстовые документы
09013,Транзитная декларация,Книжка МДП в качестве ТД; Транзитная декларация
09014,Реестр таможенных представителей,Текстовые документы
09015,"Таможенные документы иностранных государств, используемые для таможенных целей в соответствии с международными договорами государств - членов Евразийского экономического союза и международными договорами Евразийского экономического союза с третьей стороной","Декларация на товары; Транзитная декларация; Файлы"
09016,"Документ, подтверждающий приобретение акцизных (специальных) марок для маркировки подакцизных (маркируемых) товаров",Текстовые документы
09017,Источники ценовой информации используемые для расчета скорректированной таможенной стоимости товаров,"Инвойс; Контракт; Счет-фактура; Текстовые документы"
09018,Декларация таможенной стоимости,Текстовые документы
09019,Регистрационный номер уведомления о размещении товаров в зоне таможенного контроля,Текстовые документы
09020,Графические материалы: фотографии товаров,Файлы
09021,"Графические материалы: схемы, чертежи, рисунки товаров",Файлы
09022,"Графические материалы: технические и технологические документы, каталоги",Файлы
09023,Иные графические материалы,Файлы
09024,Свидетельство о допущении транспортного средства международной перевозки к перевозке товаров под таможенными пломбами и печатями,Текстовые документы
09025,Сведения о завершении процедуры таможенного транзита,Текстовые документы
09026,"Подтверждение о регистрации документов, представленных для помещения товаров на временное хранение","Отчет о помещении товар на СВХ по форме ДО1/ДО1нв; Текстовые документы"
09028,"Акт ветеринарно-санитарного досмотра, оформленный должностным лицом государственного органа государств - члена Евразийского экономического союза, осуществляющим ветеринарно-санитарный контроль",Текстовые документы
09029,"Акт карантинного фитосанитарного контроля (надзора), оформленный должностным лицом государственного органа государств - члена Евразийского экономического союза, осуществляющим карантинный фитосанитарный контроль (надзор)",Акт фитосанитарного контроля
09031,"Декларация на товары, в отношении ранее ввезенных товаров, идентичных декларируемым товарам, заявленная таможенная стоимость которых принята таможенным органом по результатам дополнительной проверки",Текстовые документы
09032,Декларация о сделках с древесиной,Текстовые документы
09034,"Документ, свидетельствующий о включении лица в реестр таможенных представителей, или регистрационный номер лица в реестре таможенных представителей",Свидетельство о включении в Реестр таможенных представителей; Текстовые документы
09035,"Декларация на товары, за исключением документа, указанного в позиции с кодом 09031",Декларация на товары
09036,Декларация на транспортное средство,Таможенная декларация на транспортное средство
09037,Заявление о выпуске товаров до подачи декларации на товары,Текстовые документы
09038,"Документ, подтверждающий признание таможенным органом в соответствии с законодательством государств - членов Евразийского экономического союза о таможенном регулировании факта уничтожения и (или) безвозвратной утраты иностранных товаров или товаров всевдения непреодолимой силы либо факта безвозвратной утраты этих товаров в результате естественной убыли при нормальных условиях перевозки (транспортировки) и (или) хранения",Текстовые документы
09039,"Документ, подтверждающий конфискацию или обращение товаров в собственность (доход) государств - члена Евразийского экономического союза в соответствии с законодательством этого государства",Текстовые документы
09040,Протокол о задержании товаров и документов на них,Текстовые документы
09044,Свидетельство о включении в реестр таможенных перевозчиков,Текстовые документы
09045,Свидетельство о регистрации транспортного средства,Свидетельство о регистрации транспортного средства
09046,Декларация на товары электронной торговли,Текстовые документы
09050,"Техническая документация на товары, содержащие в своем составе элементы, классифицируемые в товарной позиции 2844 ТН ВЭД ЕАЭС, подтверждающая наличие в этих товарах ядерных материалов и (или) радиоактивных веществ",Текстовые документы
09051,Паспорт (сертификат) радиоактивных веществ (радионуклидных источников),Текстовые документы
09053,Обращение о внесении изменений (дополнений) в таможенные документы,"Обращение декларанта о внесении изменений в ДТ; Обращение декларанта о внесении изменений в ДТ; Текстовые документы"
09054,"Таможенный приходный ордер или иной таможенный документ, в котором исчислены суммы таможенных пошлин, налогов, уплаченных при ввозе в государство - член Евразийского экономического союза, присоединившееся к Евразийскому экономическому союзу, автомобиля легковых и прочих моторных транспортных средств, классифицируемых в товарных позициях 8702 и 8703, субпозициях 8704.21 и 8704.31 ТН ВЭД ЕАЭС, по ставкам, применяемым этим государством в соответствии с международным договором о присоединении к Евразийскому экономическому союзу",Текстовые документы
09055,"Таможенный приходный ордер или иной таможенный документ, заполненный в отношении автомобиля легковых и прочих моторных транспортных средств, классифицируемых в товарных позициях 8702 и 8703, субпозициях 8704.21 и 8704.31 ТН ВЭД ЕАЭС, в части исчисления и уплаты таможенных пошлин, налогов в размере разницы сумм, уплаченных при ввозе указанных транспортных средств в государство - член Евразийского экономического союза, присоединившееся к Евразийскому экономическому союзу, по ставкам, установленным в соответствии с Таможенным кодексом Евразийского экономического союза, и сумм, подлежащих уплате по ставкам, установленным в соответствии с Таможенным кодексом Евразийского экономического союза, применяемым этим государством в соответствии с международным договором о присоединении к Евразийскому экономическому союзу, и сумм, подлежащих уплате по ставкам, установленным в соответствии с Таможенным кодексом Евразийского экономического союза",Текстовые документы
09056,Таможенный приходный ордер (за исключением документов указанных в позициях с кодами 09054 и 09055),Текстовые документы
09057,"Документ, подтверждающий включение лица в реестр операторов электронной торговли, или регистрационный номер лица в реестре операторов электронной торговли",Текстовые документы
09991,Электронный сопроводительный документ на транспортировку древесины и продукции ее переработки,Текстовые документы
09999,Иные документы,"Выписка из приказа о приеме на работу / о переводе на другую работу; Документ, удостоверяющий полномочия лица, составившего ДТ; Заявление на предоставление отсрочки (рассрочки) уплаты таможенных платежей; Заявление о продлении срока действия временного ввоза/вывоза; Заявление о продлении срока действия временного ввоза/вывоза; Квалификационный аттестат; Объявление (РК260); Обязательство о представлении документов; Отгрузочная спецификация; Отгрузочная спецификация на товары 44-й группы ТНВЭД ТС; Отчет о выдаче товаров с СВХ по форме ДО2/ДО2нв; Паспорт транспортного средства; Паспорт шасси транспортного средства; Пояснение лица, имеющего отношение к перемещению товаров и транспортных средств через таможенную границу РФ; Пояснения по условиям продажи; Протокол выполнения измерений круглых лесоматериалов по методике ФР.1.27.2011.10631; Разрешение на добычу (вылов) водных биологических ресурсов; Расчет (документ уплаты) утилизационного сбора; Расчет (документ уплаты) утилизационного сбора; Сведения из обложки карнета АТА, предоставленные держателем карнета; Свидетельство о включении в Реестр таможенных представителей; Свидетельство о включении в реестр УЭО/таможенных перевозчиков/владельцев СВХ/владельцев МБТ/владельцев ТС; Свидетельство о постановке на учет в налоговом органе физического лица; Свидетельство о постановке на учет в налоговом органе юридического лица; Сертификат качества (зерно и продукты его переработки); Статистическая форма учета перемещения товаров; Таможенная декларация на транспортное средство; Текстовые документы; Уведомление ТО о помещении товаров на ВХ"
10011,"Дата окончания заявленного срока временного ввоза товаров и признак продолжительности действия заявленной таможенной процедуры временного ввоза (допуска) (цифра ""1"", если срок временного ввоза составляет менее одного года, или цифра ""2"", если срок временного ввоза составляет один год и более)",Текстовые документы
10012,"Дата окончания заявленного срока временного вывоза товаров и признак продолжительности действия заявленной таможенной процедуры временного вывоза (цифра ""1"", если срок временного вывоза составляет менее одного года, или цифра ""2"", если срок временного вывоза составляет один год и более)",Текстовые документы
10013,"Заявленный срок переработки товаров, если декларация на товары используется в качестве документа об условиях переработки товаров",Текстовые документы
10014,Стоимость операций по переработке товаров при помещении под таможенную процедуру выпуска для внутреннего потребления продуктов переработки помещенных под таможенную процедуру переработки вне таможенной территории,Текстовые документы
10015,"Заявленный срок переработки на таможенной территории, вне таможенной территории или для внутреннего потребления, если такая переработка осуществляется в соответствии с документом об условиях переработки товаров",Заявление на переработку товаров вне таможенной территории; Текстовые документы
10016,Сведения о стоимости товаров и услуг,Текстовые документы
10017,"Признак фактической продолжительности действия таможенной процедуры временного ввоза (допуска) (цифра ""1"", если срок временного ввоза составляет менее одного года, или цифра ""2"", если срок временного ввоза составляет один год и более)",Текстовые документы
10018,"Признак фактической продолжительности действия таможенной процедуры временного вывоза (цифра ""1"", если срок временного вывоза составляет менее одного года, или цифра ""2"", если срок временного вывоза составляет один год и более)",Текстовые документы
10019,Решение таможенного органа о корректировке таможенной стоимости,Текстовые документы
10020,"Последний день срока временного нахождения и использования на таможенной территории Евразийского экономического союза товаров в соответствии с таможенной процедурой временного ввоза (допуса) без уплаты ввозных таможенных пошлин, налогов",Текстовые документы
10021,Информация о применяемых таможенных процедурах,Текстовые документы
10022,Сведения о категории товаров,Текстовые документы
10023,Иные сведения заявляемые (указываемые) в таможенных документах в соответствии с законодательством Российской Федерации о таможенном регулировании,Текстовые документы
10024,"Постановление Правительства Российской Федерации от 05.05.2011 №339 ""О предоставлении из федерального бюджета субсидий на возмещение затрат по уплате ввозной таможенной пошлины и налога на добавленную стоимость, полезенных юридическим лицами, индивидуальными предпринимателями, являющимися лицами, участвующими в реализации проекта создания и обеспечения функционирования территориально обособленного комплекса (инновационного центра ""Сколково"")""",Текстовые документы
10041,Заявленный срок уничтожения товаров помещенных под таможенную процедуру уничтожения,Текстовые документы
10042,Заявленный срок хранения товаров на таможенном складе,Текстовые документы
10043,"Сведения о государственной регистрации специализированной пищевой продукции или государственной регистрации пищевой продукции нового вида в соответствии с техническим регламентом Таможенного союза ""О безопасности пищевой продукции"" (ТР ТС 021/2011), утвержденным Решением Комиссии Таможенного союза от 9 декабря 2011 г. № 880",Текстовые документы
10044,"Сведения о регистрационном номере декларации на товары, поданной в установленных случаях, в таможенных документах, за исключением декларации на товары",Текстовые документы
10045,Сведения об уведомлении о прибытии товаров на таможенную территорию ЕАЭС,Текстовые документы
10046,"Информационный ресурс в информационно-телекоммуникационной сети ""Интернет""",Текстовые документы
10047,Наименование интернет-площадки (интернет-магазина),Текстовые документы
10050,"Сведения о включении радиоэлектронных средств и (или) высокочастотных устройств гражданского назначения, в том числе встроенных либо входящих в состав других товаров, в единый реестр радиоэлектронных средств и высокочастотных устройств гражданского назначения в соответствии со статьей 14 Соглашения о единых принципах и правилах обращения лекарственных средств в рамках Евразийского экономического союза от 23 декабря 2014 года, или в соответствии со статьей 14 Соглашения об единых принципах и правилах обращения лекарственных средств (изделий медицинского назначения и медицинской техники) в рамках Евразийского экономического союза от 23 декабря 2014 года",Текстовые документы
10051,"Сведения о включении лекарственных средств в единый реестр зарегистрированных лекарственных средств (изделий медицинского назначения и медицинской техники) государств - членов Евразийского экономического союза, предусмотренный статьей 14 Соглашения о единых принципах и правилах обращения лекарственных средств в рамках Евразийского экономического союза от 23 декабря 2014 года, или в соответствии со статьей 14 Соглашения об единых принципах и правилах обращения лекарственных средств (изделий медицинского назначения и медицинской техники) в рамках Евразийского экономического союза от 23 декабря 2014 года",Текстовые документы
10052,"Сведения о включении соответствующей нотификации в единый реестр нотификаций о характеристиках шифровальных (криптографических) средств и товаров, их содержащих",Текстовые документы
10053,"Код таможенного органа в соответствии с классификатором таможенных органов государств - членов Евразийского экономического союза, в регионе деятельности которого товары будут храниться на таможенном складе либо в местах, не являющихся таможенными складами, в случаях, предусмотренных пунктом 4 статьи 155 Таможенного кодекса Евразийского экономического союза",Текстовые документы
10054,"Номер документа, подтверждающего включение юридического лица в реестр владельцев таможенных складов (номер свидетельства о включении юридического лица в реестр владельцев таможенных складов), или регистрационный номер юридического лица в реестре владельцев таможенных складов для таможенных складов закрытого типа",Текстовые документы
10055,"Номер документа, подтверждающего включение юридического лица в реестр владельцев таможенных складов (номер свидетельства о включении юридического лица в реестр владельцев таможенных складов), или регистрационный номер юридического лица в реестре владельцев таможенных складов или регистрационный номер сведений о включении юридического лица в реестр владельцев таможенных складов для таможенных складов открытого типа",Текстовые документы
10056,"Номер документа, подтверждающего включение юридического лица в реестр владельцев таможенных складов (номер свидетельства о включении юридического лица в реестр владельцев таможенных складов), или регистрационный номер сведений о включении юридического лица в реестр владельцев магазинов беспошлинной торговли (номер свидетельства о включении юридического лица в реестр владельцев магазинов беспошлинной торговли), или регистрационный номер сведений о включении юридического лица в реестр владельцев магазинов беспошлинной торговли",Текстовые документы
10057,"Номер документа, подтверждающего включение юридического лица в реестр владельцев магазинов беспошлинной торговли (номер свидетельства о включении юридического лица в реестр владельцев магазинов беспошлинной торговли), или регистрационный номер юридического лица в реестре владельцев магазинов беспошлинной торговли",Текстовые документы
10060,Предварительная информация,Текстовые документы
10063,"Соглашение, заключенное между федеральной таможенной службой и управляющей компанией инновационного научно-технологического центра, о предоставлении из федерального бюджета субсидии в порядке, установленном Постановлением Правительства Российской Федерации от 15 сентября 2020 г. № 1443",Текстовые документы
10064,Расчет утилизационного сбора,"Расчет (документ уплаты) утилизационного сбора; Выписка из приказа о приеме на работу / о переводе на другую работу; Заявление на предоставление отсрочки (рассрочки) уплаты таможенных платежей; Квалификационный аттестат; Обязательство о представлении документов; Отгрузочная спецификация; Отгрузочная спецификация на товары 44-й группы ТНВЭД ТС; Отчет о выдаче товаров с СВХ по форме ДО2/ДО2нв; Паспорт транспортного средства; Паспорт шасси транспортного средства; Пояснение лица, имеющего отношение к перемещению товаров и транспортных средств через таможенную границу РФ; Пояснения по условиям продажи; Протокол выполнения измерений круглых лесоматериалов по методике ФР.1.27.2011.10631; Разрешение на добычу (вылов) водных биологических ресурсов; Свидетельство о включении в Реестр таможенных представителей; Свидетельство о включении в реестр УЭО/таможенных перевозчиков/владельцев СВХ/владельцев МБТ/владельцев ТС; Свидетельство о постановке на учет в налоговом органе физического лица; Свидетельство о постановке на учет в налоговом органе юридического лица; Сертификат качества (зерно и продукты его переработки); Текстовые документы"
10999,Иные сведения,"Текстовые документы"
11001,"Документ, удостоверяющий личность",Паспорт гражданина РФ; Текстовые документы
11002,Договор с таможенным представителем,Договор с таможенным представителем
11003,"Документ, удостоверяющий полномочия руководителя декларанта (либо руководителя лица, подающего заявление о выпуске товаров до подачи декларации на товары, либо руководителя лица, представившего сертификат обеспечения исполнения обязанности по уплате таможенных пошлин, налогов) или таможенного представителя","Документ, удостоверяющий полномочия лица, составившего ДТ"
11004,"Доверенность или иной документ, удостоверяющий полномочия работника на совершение действий от имени декларанта (либо лица, подающего заявление о выпуске товаров до подачи декларации на товары, либо руководителя лица, представившего сертификат обеспечения исполнения обязанности по уплате таможенных пошлин, налогов) или таможенного представителя","Документ, удостоверяющий полномочия лица, составившего ДТ"
11005,Договор транспортной экспедиции,Контракт; Текстовые документы
12001,Объяснение,
12002,"Акт таможенного досмотра (таможенного осмотра), за исключением документов, поименованных в позициях с кодами 12003 и 12006",Акт досмотра
12003,"Акт таможенного досмотра (таможенного осмотра) товаров, перемещаемых через таможенную границу Евразийского экономического союза физическими лицами для личного пользования в сопровождаемом багаже",
12004,Акт личного таможенного досмотра,
12005,Акт таможенного осмотра помещений и территорий,
12006,"Акт таможенного досмотра (таможенного осмотра) товаров, пересылаемых в международных почтовых отправлениях",
12007,"Акт или иной документ, составленные по результатам проведения камеральной таможенной проверки и оформленные в соответствии с законодательством государств - членов Евразийского экономического союза о таможенной регулировании",Текстовые документы
12008,"Акт или иной документ, составленные по результатам проведения выездной таможенной проверки и оформленные в соответствии с законодательством государств - членов Евразийского экономического союза о таможенном регулировании",Текстовые документы
12009,Заключение таможенного эксперта (эксперта),
12010,"Акт или иной документ, составленные по результатам проведения таможенных, иных документов и (или) сведений и оформленные в соответствии с законодательством государств - членов Евразийского экономического союза о таможенной регулировании",Текстовые документы
12011,Акт отбора проб и (или) образцов товаров,
12012,Акт об изменении удалении уничтожении или замене средств идентификации,
12013,"Решение по результатам таможенного контроля: решение о признании товаров незаконно перемещенными через таможенную границу; решение о признании лица, участвующего в незаконном перемещении товара (товаров), несущего солидарную с лицом, незаконно перемещавшим товар (товары) через таможенную границу, обязанность по уплате таможенных пошлин, налогов, специальных, антидемпинговых, компенсационных пошлин; решение о признании лица, которое приобрело в собственность или иное вещественное право, либо начало владеть или пользоваться товаром (товаров), незаконно перемещенным через таможенную границу, обязанность по уплате таможенных пошлин, налогов, специальных, антидемпинговых, компенсационных пошлин",Текстовые документы
12990,Иные документы о результатах проведения таможенного контроля и таможенной экспертизы,
13001,"Документ, выданный в соответствии с законодательством государства - члена Евразийского экономического союза, удостоверяющий статус сотрудника или члена его семьи и подтверждающий, что в течение текущего календарного года такими сотрудниками или членом его семьи товаров для личного пользования не ввозились на таможенную территорию Евразийского экономического союза без уплаты таможенных пошлин налогов либо освобождение от уплаты таможенных пошлин налогов",Текстовые документы
13002,"Документ, удостоверяющий статус сотрудника или члена его семьи и подтверждающий превышение работы такого сотрудника в дипломатической представительстве, консульском учреждении или представительстве при международной организации, расположенных за пределами таможенной территории Евразийского экономического союза при международной организации, расположенных за пределами таможенной территории Евразийского экономического союза при международной организации",Текстовые документы
13003,"Документ, удостоверяющий статус сотрудника, товары для личного пользования которого ввозятся, и подтверждающий смерть, тяжелую болезнь сотрудника или иную объективную причину, по которой ввоз таких товаров не может быть выполнен сотрудником",Текстовые документы
13004,"Документ, подтверждающий в соответствии с законодательством государств - члена Евразийского экономического союза факт и срок работы (службы) физического лица государств - члена Евразийского экономического союза в иностранном государстве в течение не менее 12 месяцев",Текстовые документы
13005,"Документ, подтверждающий в соответствии с законодательством государств - члена Евразийского экономического союза факт временного проживания физического лица государств - члена Евразийского экономического союза в иностранном государстве в течение не менее 12 месяцев",Текстовые документы
13006,"Документ, подтверждающий в соответствии с законодательством государств - члена Евразийского экономического союза факт получения физическим лицом государств - члена Евразийского экономического союза статуса беженца или вынужденного переселенца, и (или) регистрацию в такое иностранное физическое лицо, оформленный (выданный) в стране предыдущего проживания",Текстовые документы
13007,"Документ, подтверждающий соответствие с законодательством государств - члена Евразийского экономического союза признание иностранного физического лица переселившегося на постоянное место жительства в государство - член Евразийского экономического союза или получающего статус беженца или вынужденного переселенца на территории государств - члена Евразийского экономического союза",Текстовые документы
13008,"Разрешение на работу в государстве - члене Евразийского экономического союза в сферах деятельности, определенных в соответствии с законодательством государств - членов Евразийского экономического союза",Текстовые документы
13009,"Документ, выданный иностранному физическому лицу (лицу без гражданства) уполномоченным органом в соответствии с законодательством государств - членов Евразийского экономического союза и подтверждающий наличие у такого лица или членов его семьи культурных ценностей, документов национальных архивных фондов и оригиналов архивных документов, включенных в предусмотренный статьей 4 Протокола о мерах нетарифного регулирования в отношении третьих стран (приложение № 7 к Договору об Евразийском экономическом союзе от 29 мая 2014 года) единый перечень товаров, к которым применяются меры нетарифного регулирования в торговле с третьими странами, к таким",Текстовые документы
13010,"Документ, подтверждающий нахождение авто- и мототранспортного средств, прицепов к авто- и мототранспортным средствам, являющихся транспортными средствами для личного пользования, в собственности иностранного физического лица, прибывшего на постоянное место жительства в государство - член Евразийского экономического союза или получающего статус беженца или вынужденного переселенца, и их регистрацию в такое иностранное физическое лицо, оформленный (выданный) в стране предыдущего проживания",Текстовые документы
14010,"Документы, устанавливающие права на объекты интеллектуальной собственности, в том числе свидетельство о регистрации объекта интеллектуальной собственности, документы о наличии правовой охраны объекта интеллектуальной собственности, договор о передаче, уступке, отчуждении исключительного права на объекты интеллектуальной собственности",Текстовые документы
14020,"Документы, подтверждающие право на использование объектов интеллектуальной собственности (лицензионный, (сублицензионный) договор о представлении права использования объекта интеллектуальной собственности, договор коммерческой концессии (франчайзинга), договор коммерческой субконцессии (комплексной сублицензии, комплексной субконцессии)",Текстовые документы
14030,"Документы, подтверждающие согласие правообладателя на введение товаров, содержащих объекты интеллектуальной собственности, в гражданский оборот на таможенной территории Евразийского экономического союза, в том числе дилерский, дистрибьюторский договор, письменное согласие, за исключением поименованных в позиции 14020",Текстовые документы
